{"cameraMode":{"drawMode":0,"name":"Shaded","section":"Shading Mode"},"sceneLighting":false,"audioPlay":false,"sceneViewState":{"showFog":true,"showMaterialUpdate":false,"showSkybox":true,"showFlares":true,"showImageEffects":true,"showParticleSystems":true},"in2DMode":false,"pivot":{"x":-2.4918923377990724,"y":2.1794869899749758,"z":0.27100008726119997},"rotation":{"x":-0.018542708829045297,"y":-0.8537454605102539,"z":-0.030471062287688257,"w":0.5194675326347351},"size":7.413511276245117,"orthographic":false}