{"cameraMode":{"drawMode":0,"name":"Shaded","section":"Shading Mode"},"sceneLighting":false,"audioPlay":false,"sceneViewState":{"showFog":true,"showMaterialUpdate":false,"showSkybox":true,"showFlares":true,"showImageEffects":true,"showParticleSystems":true},"in2DMode":false,"pivot":{"x":22.723878860473634,"y":21.210710525512697,"z":-15.179305076599121},"rotation":{"x":0.29067930579185488,"y":-0.4469151496887207,"z":0.15623781085014344,"w":0.83148193359375},"size":2.700057029724121,"orthographic":false}