{"cameraMode":{"drawMode":0,"name":"Shaded","section":"Shading Mode"},"sceneLighting":false,"audioPlay":false,"sceneViewState":{"showFog":true,"showMaterialUpdate":false,"showSkybox":true,"showFlares":true,"showImageEffects":true,"showParticleSystems":true},"in2DMode":false,"pivot":{"x":-0.05372905731201172,"y":4.450675010681152,"z":0.28595972061157229},"rotation":{"x":0.31108978390693667,"y":-0.050992708653211597,"z":0.0167183019220829,"w":0.9488642811775208},"size":7.666478157043457,"orthographic":false}