{"cameraMode":{"drawMode":0,"name":"Shaded","section":"Shading Mode"},"sceneLighting":false,"audioPlay":false,"sceneViewState":{"showFog":true,"showMaterialUpdate":false,"showSkybox":true,"showFlares":true,"showImageEffects":true,"showParticleSystems":true},"in2DMode":false,"pivot":{"x":25.5992488861084,"y":-6.363554954528809,"z":-11.42175006866455},"rotation":{"x":0.07295402139425278,"y":0.8499054312705994,"z":-0.1222136840224266,"w":0.5073484182357788},"size":35.134464263916019,"orthographic":false}