{"cameraMode":{"drawMode":0,"name":"Shaded","section":"Shading Mode"},"sceneLighting":false,"audioPlay":false,"sceneViewState":{"showFog":true,"showMaterialUpdate":false,"showSkybox":true,"showFlares":true,"showImageEffects":true,"showParticleSystems":true},"in2DMode":false,"pivot":{"x":-0.014484107494354248,"y":-0.11777856945991516,"z":-0.06575006246566773},"rotation":{"x":-0.19499795138835908,"y":0.3134762644767761,"z":-0.06594318896532059,"w":-0.9270166754722595},"size":1.2000572681427003,"orthographic":false}