{"cameraMode":{"drawMode":0,"name":"Shaded","section":"Shading Mode"},"sceneLighting":false,"audioPlay":false,"sceneViewState":{"showFog":true,"showMaterialUpdate":false,"showSkybox":true,"showFlares":true,"showImageEffects":true,"showParticleSystems":true},"in2DMode":false,"pivot":{"x":0.0,"y":1.2565152645111085,"z":0.22042512893676759},"rotation":{"x":-0.3280980587005615,"y":0.28336864709854128,"z":-0.10386813431978226,"w":-0.8951342701911926},"size":15.061644554138184,"orthographic":false}