{"cameraMode":{"drawMode":0,"name":"Shaded","section":"Shading Mode"},"sceneLighting":false,"audioPlay":false,"sceneViewState":{"showFog":true,"showMaterialUpdate":false,"showSkybox":true,"showFlares":true,"showImageEffects":true,"showParticleSystems":true},"in2DMode":false,"pivot":{"x":1.1920928955078126e-7,"y":0.8664481043815613,"z":-0.32435235381126406},"rotation":{"x":0.013347240164875985,"y":-0.9858806729316711,"z":0.09673895686864853,"w":0.13602502644062043},"size":4.394057750701904,"orthographic":false}