{"cameraMode":{"drawMode":0,"name":"Shaded","section":"Shading Mode"},"sceneLighting":false,"audioPlay":false,"sceneViewState":{"showFog":true,"showMaterialUpdate":false,"showSkybox":true,"showFlares":true,"showImageEffects":true,"showParticleSystems":true},"in2DMode":false,"pivot":{"x":-2.380936861038208,"y":-0.5716399550437927,"z":0.5825513601303101},"rotation":{"x":-0.2340729534626007,"y":0.40892860293388369,"z":-0.10936848074197769,"w":-0.875229001045227},"size":12.717996597290039,"orthographic":false}