{"cameraMode":{"drawMode":0,"name":"Shaded","section":"Shading Mode"},"sceneLighting":false,"audioPlay":false,"sceneViewState":{"showFog":true,"showMaterialUpdate":false,"showSkybox":true,"showFlares":true,"showImageEffects":true,"showParticleSystems":true},"in2DMode":false,"pivot":{"x":-1.1920928955078126e-7,"y":1.2533528804779053,"z":1.2047696113586426},"rotation":{"x":-0.0975089892745018,"y":-0.05760640278458595,"z":0.005650294944643974,"w":-0.9935500621795654},"size":12.687840461730957,"orthographic":false}