{"cameraMode":{"drawMode":0,"name":"Shaded","section":"Shading Mode"},"sceneLighting":false,"audioPlay":false,"sceneViewState":{"showFog":true,"showMaterialUpdate":false,"showSkybox":true,"showFlares":true,"showImageEffects":true,"showParticleSystems":true},"in2DMode":false,"pivot":{"x":-0.49466073513031008,"y":-0.6814172267913818,"z":-1.339367389678955},"rotation":{"x":-0.04061945155262947,"y":0.943644106388092,"z":-0.3031415641307831,"w":-0.1264558732509613},"size":7.462503433227539,"orthographic":false}