{"cameraMode":{"drawMode":0,"name":"Shaded","section":"Shading Mode"},"sceneLighting":false,"audioPlay":false,"sceneViewState":{"showFog":true,"showMaterialUpdate":false,"showSkybox":true,"showFlares":true,"showImageEffects":true,"showParticleSystems":true},"in2DMode":false,"pivot":{"x":0.0,"y":1.0994465351104737,"z":-1.1920928955078126e-7},"rotation":{"x":-0.09966805577278137,"y":0.8896321058273315,"z":-0.23365120589733125,"w":-0.3795103430747986},"size":8.306042671203614,"orthographic":false}