{"cameraMode":{"drawMode":0,"name":"Shaded","section":"Shading Mode"},"sceneLighting":false,"audioPlay":false,"sceneViewState":{"showFog":true,"showMaterialUpdate":false,"showSkybox":true,"showFlares":true,"showImageEffects":true,"showParticleSystems":true},"in2DMode":false,"pivot":{"x":-3.761951446533203,"y":4.279384613037109,"z":-2.3155336380004885},"rotation":{"x":-0.28563547134399416,"y":-0.35068121552467348,"z":0.11322701722383499,"w":-0.8846551775932312},"size":14.252572059631348,"orthographic":false}