{"cameraMode":{"drawMode":0,"name":"Shaded","section":"Shading Mode"},"sceneLighting":false,"audioPlay":false,"sceneViewState":{"showFog":true,"showMaterialUpdate":false,"showSkybox":true,"showFlares":true,"showImageEffects":true,"showParticleSystems":true},"in2DMode":false,"pivot":{"x":0.14030814170837403,"y":1.2533529996871949,"z":1.2047696113586426},"rotation":{"x":-0.2432800680398941,"y":0.3974205553531647,"z":-0.1101328581571579,"w":-0.8779194355010986},"size":12.910162925720215,"orthographic":false}