{"cameraMode":{"drawMode":0,"name":"Shaded","section":"Shading Mode"},"sceneLighting":false,"audioPlay":false,"sceneViewState":{"showFog":true,"showMaterialUpdate":false,"showSkybox":true,"showFlares":true,"showImageEffects":true,"showParticleSystems":true},"in2DMode":false,"pivot":{"x":-9.800756454467774,"y":-10.911225318908692,"z":12.609149932861329},"rotation":{"x":0.3055306375026703,"y":-0.2692331075668335,"z":0.090510793030262,"w":0.9088302254676819},"size":25.25835418701172,"orthographic":false}