{"cameraMode":{"drawMode":0,"name":"Shaded","section":"Shading Mode"},"sceneLighting":false,"audioPlay":false,"sceneViewState":{"showFog":true,"showMaterialUpdate":false,"showSkybox":true,"showFlares":true,"showImageEffects":true,"showParticleSystems":true},"in2DMode":false,"pivot":{"x":-13.441142082214356,"y":3.7046871185302736,"z":-6.964014053344727},"rotation":{"x":-0.02179853804409504,"y":-0.8392648100852966,"z":-0.033734023571014407,"w":0.5422374606132507},"size":22.0,"orthographic":false}