{"cameraMode":{"drawMode":0,"name":"Shaded","section":"Shading Mode"},"sceneLighting":false,"audioPlay":false,"sceneViewState":{"showFog":true,"showMaterialUpdate":false,"showSkybox":true,"showFlares":true,"showImageEffects":true,"showParticleSystems":true},"in2DMode":false,"pivot":{"x":-2.0039939880371095,"y":0.46684157848358157,"z":-0.00697934627532959},"rotation":{"x":-0.3280980587005615,"y":0.28336864709854128,"z":-0.10386813431978226,"w":-0.8951342701911926},"size":15.061654090881348,"orthographic":false}