{"cameraMode":{"drawMode":0,"name":"Shaded","section":"Shading Mode"},"sceneLighting":false,"audioPlay":false,"sceneViewState":{"showFog":true,"showMaterialUpdate":false,"showSkybox":true,"showFlares":true,"showImageEffects":true,"showParticleSystems":true},"in2DMode":false,"pivot":{"x":5.001926422119141,"y":2.9522221088409426,"z":4.999145030975342},"rotation":{"x":0.07806190103292465,"y":-0.885709822177887,"z":0.1614842414855957,"w":0.42819079756736758},"size":13.102846145629883,"orthographic":false}