{"cameraMode":{"drawMode":0,"name":"Shaded","section":"Shading Mode"},"sceneLighting":false,"audioPlay":false,"sceneViewState":{"showFog":true,"showMaterialUpdate":false,"showSkybox":true,"showFlares":true,"showImageEffects":true,"showParticleSystems":true},"in2DMode":false,"pivot":{"x":-0.8552881479263306,"y":-1.864081859588623,"z":3.7590227127075197},"rotation":{"x":-0.35920804738998415,"y":0.12320942431688309,"z":-0.04790973290801048,"w":-0.9238472580909729},"size":14.499035835266114,"orthographic":false}