{"cameraMode":{"drawMode":0,"name":"Shaded","section":"Shading Mode"},"sceneLighting":false,"audioPlay":false,"sceneViewState":{"showFog":true,"showMaterialUpdate":false,"showSkybox":true,"showFlares":true,"showImageEffects":true,"showParticleSystems":true},"in2DMode":false,"pivot":{"x":0.0,"y":2.2173967361450197,"z":1.4382238388061524},"rotation":{"x":-0.08714175969362259,"y":0.8906994462013245,"z":-0.192956805229187,"w":-0.40227919816970827},"size":15.509140968322754,"orthographic":false}