{"cameraMode":{"drawMode":0,"name":"Shaded","section":"Shading Mode"},"sceneLighting":false,"audioPlay":false,"sceneViewState":{"showFog":true,"showMaterialUpdate":false,"showSkybox":true,"showFlares":true,"showImageEffects":true,"showParticleSystems":true},"in2DMode":false,"pivot":{"x":-0.009913802146911621,"y":1.9985079765319825,"z":0.09768462181091309},"rotation":{"x":0.1069990023970604,"y":-0.8277303576469421,"z":0.16893339157104493,"w":0.5242854952812195},"size":11.403616905212403,"orthographic":false}