{"cameraMode":{"drawMode":0,"name":"Shaded","section":"Shading Mode"},"sceneLighting":false,"audioPlay":false,"sceneViewState":{"showFog":true,"showMaterialUpdate":false,"showSkybox":true,"showFlares":true,"showImageEffects":true,"showParticleSystems":true},"in2DMode":false,"pivot":{"x":0.0007705390453338623,"y":0.980888843536377,"z":-0.0003420114517211914},"rotation":{"x":-0.002736498601734638,"y":-0.9896339178085327,"z":0.14232587814331056,"w":-0.01899014040827751},"size":5.241138458251953,"orthographic":false}