{"cameraMode":{"drawMode":0,"name":"Shaded","section":"Shading Mode"},"sceneLighting":false,"audioPlay":false,"sceneViewState":{"showFog":true,"showMaterialUpdate":false,"showSkybox":true,"showFlares":true,"showImageEffects":true,"showParticleSystems":true},"in2DMode":false,"pivot":{"x":-3.0819520950317385,"y":4.044702053070068,"z":-2.077566623687744},"rotation":{"x":0.05495690181851387,"y":-0.8797735571861267,"z":0.10502170771360398,"w":0.4603789448738098},"size":19.166196823120118,"orthographic":false}