{"cameraMode":{"drawMode":0,"name":"Shaded","section":"Shading Mode"},"sceneLighting":false,"audioPlay":false,"sceneViewState":{"showFog":true,"showMaterialUpdate":false,"showSkybox":true,"showFlares":true,"showImageEffects":true,"showParticleSystems":true},"in2DMode":false,"pivot":{"x":-3.5762786865234377e-7,"y":1.2582316398620606,"z":1.2047696113586426},"rotation":{"x":-0.4430994391441345,"y":0.07567020505666733,"z":-0.03757257014513016,"w":-0.892482578754425},"size":12.68405532836914,"orthographic":false}