{"cameraMode":{"drawMode":0,"name":"Shaded","section":"Shading Mode"},"sceneLighting":false,"audioPlay":false,"sceneViewState":{"showFog":true,"showMaterialUpdate":false,"showSkybox":true,"showFlares":true,"showImageEffects":true,"showParticleSystems":true},"in2DMode":false,"pivot":{"x":10.354796409606934,"y":-1.0695037841796876,"z":2.2542591094970705},"rotation":{"x":0.07885736227035523,"y":0.5696501731872559,"z":-0.055033840239048007,"w":0.8162423372268677},"size":8.535016059875489,"orthographic":false}