{"cameraMode":{"drawMode":0,"name":"Shaded","section":"Shading Mode"},"sceneLighting":false,"audioPlay":false,"sceneViewState":{"showFog":true,"showMaterialUpdate":false,"showSkybox":true,"showFlares":true,"showImageEffects":true,"showParticleSystems":true},"in2DMode":false,"pivot":{"x":0.44273972511291506,"y":-0.6144733428955078,"z":1.7892570495605469},"rotation":{"x":-0.4430994391441345,"y":0.07567020505666733,"z":-0.03757257014513016,"w":-0.892482578754425},"size":12.68405532836914,"orthographic":false}