{"cameraMode":{"drawMode":0,"name":"Shaded","section":"Shading Mode"},"sceneLighting":false,"audioPlay":false,"sceneViewState":{"showFog":true,"showMaterialUpdate":false,"showSkybox":true,"showFlares":true,"showImageEffects":true,"showParticleSystems":true},"in2DMode":false,"pivot":{"x":-1.9673795700073243,"y":-0.45400381088256838,"z":-1.210803747177124},"rotation":{"x":0.1047462671995163,"y":-0.7066263556480408,"z":0.10703296214342118,"w":0.6915572285652161},"size":8.130928039550782,"orthographic":false}