{"cameraMode":{"drawMode":0,"name":"Shaded","section":"Shading Mode"},"sceneLighting":false,"audioPlay":false,"sceneViewState":{"showFog":true,"showMaterialUpdate":false,"showSkybox":true,"showFlares":true,"showImageEffects":true,"showParticleSystems":true},"in2DMode":false,"pivot":{"x":-2.384185791015625e-7,"y":3.2533531188964845,"z":1.204769492149353},"rotation":{"x":0.31108978390693667,"y":-0.050992708653211597,"z":0.0167183019220829,"w":0.9488642811775208},"size":12.717996597290039,"orthographic":false}