{"cameraMode":{"drawMode":0,"name":"Shaded","section":"Shading Mode"},"sceneLighting":false,"audioPlay":false,"sceneViewState":{"showFog":true,"showMaterialUpdate":false,"showSkybox":true,"showFlares":true,"showImageEffects":true,"showParticleSystems":true},"in2DMode":false,"pivot":{"x":0.0,"y":1.9006149768829346,"z":-0.0000016689300537109376},"rotation":{"x":0.1751808226108551,"y":-0.44879114627838137,"z":0.09020377695560456,"w":0.8716430068016052},"size":11.983198165893555,"orthographic":false}