{"cameraMode":{"drawMode":0,"name":"Shaded","section":"Shading Mode"},"sceneLighting":false,"audioPlay":false,"sceneViewState":{"showFog":true,"showMaterialUpdate":false,"showSkybox":true,"showFlares":true,"showImageEffects":true,"showParticleSystems":true},"in2DMode":false,"pivot":{"x":9.5367431640625e-7,"y":2.131105422973633,"z":13.973960876464844},"rotation":{"x":0.1751808226108551,"y":-0.44879114627838137,"z":0.09020377695560456,"w":0.8716430068016052},"size":47.20028305053711,"orthographic":false}