{"cameraMode":{"drawMode":0,"name":"Shaded","section":"Shading Mode"},"sceneLighting":false,"audioPlay":false,"sceneViewState":{"showFog":true,"showMaterialUpdate":false,"showSkybox":true,"showFlares":true,"showImageEffects":true,"showParticleSystems":true},"in2DMode":false,"pivot":{"x":0.12948262691497804,"y":-0.3148581385612488,"z":0.1970691680908203},"rotation":{"x":0.18765434622764588,"y":-0.7616474628448486,"z":0.2522457540035248,"w":0.5666137933731079},"size":1.8000571727752686,"orthographic":false}