{"cameraMode":{"drawMode":0,"name":"Shaded","section":"Shading Mode"},"sceneLighting":false,"audioPlay":false,"sceneViewState":{"showFog":true,"showMaterialUpdate":false,"showSkybox":true,"showFlares":true,"showImageEffects":true,"showParticleSystems":true},"in2DMode":false,"pivot":{"x":1.1089081764221192,"y":1.7157827615737916,"z":-3.2688140869140627},"rotation":{"x":0.07385895401239395,"y":-0.7935640811920166,"z":0.0983545184135437,"w":0.5959256291389465},"size":7.666478157043457,"orthographic":false}