{"cameraMode":{"drawMode":0,"name":"Shaded","section":"Shading Mode"},"sceneLighting":false,"audioPlay":false,"sceneViewState":{"showFog":true,"showMaterialUpdate":false,"showSkybox":true,"showFlares":true,"showImageEffects":true,"showParticleSystems":true},"in2DMode":false,"pivot":{"x":1.492760181427002,"y":3.5545270442962648,"z":-1.208366870880127},"rotation":{"x":0.16581566631793977,"y":-0.05174897611141205,"z":0.008714570663869381,"w":0.984759509563446},"size":5.771911144256592,"orthographic":false}