{"cameraMode":{"drawMode":0,"name":"Shaded","section":"Shading Mode"},"sceneLighting":false,"audioPlay":false,"sceneViewState":{"showFog":true,"showMaterialUpdate":false,"showSkybox":true,"showFlares":true,"showImageEffects":true,"showParticleSystems":true},"in2DMode":false,"pivot":{"x":-5.204111099243164,"y":1.4264459609985352,"z":-0.26786184310913088},"rotation":{"x":-0.08655446022748947,"y":0.806867241859436,"z":-0.12222334742546082,"w":-0.5714325308799744},"size":12.043171882629395,"orthographic":false}