{"cameraMode":{"drawMode":0,"name":"Shaded","section":"Shading Mode"},"sceneLighting":false,"audioPlay":false,"sceneViewState":{"showFog":true,"showMaterialUpdate":false,"showSkybox":true,"showFlares":true,"showImageEffects":true,"showParticleSystems":true},"in2DMode":false,"pivot":{"x":1.1818690299987794,"y":0.5440890789031982,"z":0.5072616338729858},"rotation":{"x":0.14597798883914948,"y":0.5206096768379211,"z":-0.09087346494197846,"w":0.8363001942634583},"size":2.2863070964813234,"orthographic":false}