{"cameraMode":{"drawMode":0,"name":"Shaded","section":"Shading Mode"},"sceneLighting":false,"audioPlay":false,"sceneViewState":{"showFog":true,"showMaterialUpdate":false,"showSkybox":true,"showFlares":true,"showImageEffects":true,"showParticleSystems":true},"in2DMode":false,"pivot":{"x":-4.032344818115234,"y":0.9483656883239746,"z":0.07147085666656494},"rotation":{"x":0.06916496902704239,"y":-0.7406377792358398,"z":0.07716338336467743,"w":0.6638657450675964},"size":7.4722185134887699,"orthographic":false}