{"cameraMode":{"drawMode":0,"name":"Shaded","section":"Shading Mode"},"sceneLighting":false,"audioPlay":false,"sceneViewState":{"showFog":true,"showMaterialUpdate":false,"showSkybox":true,"showFlares":true,"showImageEffects":true,"showParticleSystems":true},"in2DMode":false,"pivot":{"x":-0.8470863699913025,"y":0.8397220373153687,"z":-2.980232238769531e-7},"rotation":{"x":0.10314781963825226,"y":0.8787602186203003,"z":-0.4102841019630432,"w":0.22092542052268983},"size":6.338833332061768,"orthographic":false}