{"cameraMode":{"drawMode":0,"name":"Shaded","section":"Shading Mode"},"sceneLighting":false,"audioPlay":false,"sceneViewState":{"showFog":true,"showMaterialUpdate":false,"showSkybox":true,"showFlares":true,"showImageEffects":true,"showParticleSystems":true},"in2DMode":false,"pivot":{"x":-9.770064353942871,"y":1.6497070789337159,"z":-8.652345657348633},"rotation":{"x":0.004869386553764343,"y":0.9088135361671448,"z":0.010599992237985134,"w":-0.4170393943786621},"size":22.724119186401368,"orthographic":false}