{"cameraMode":{"drawMode":0,"name":"Shaded","section":"Shading Mode"},"sceneLighting":false,"audioPlay":false,"sceneViewState":{"showFog":true,"showMaterialUpdate":false,"showSkybox":true,"showFlares":true,"showImageEffects":true,"showParticleSystems":true},"in2DMode":false,"pivot":{"x":-1.0414211750030518,"y":1.9620966911315919,"z":0.10924065858125687},"rotation":{"x":0.00725507503375411,"y":-0.9919959306716919,"z":0.10636112838983536,"w":0.06766697019338608},"size":7.666478157043457,"orthographic":false}