{"cameraMode":{"drawMode":0,"name":"Shaded","section":"Shading Mode"},"sceneLighting":false,"audioPlay":false,"sceneViewState":{"showFog":false,"showMaterialUpdate":false,"showSkybox":false,"showFlares":false,"showImageEffects":false,"showParticleSystems":false},"in2DMode":false,"pivot":{"x":-4.76837158203125e-7,"y":5.1081719398498539,"z":-0.3499488830566406},"rotation":{"x":-0.28434911370277407,"y":-0.005177102517336607,"z":0.0015368798049166799,"w":-0.9587056040763855},"size":28.790374755859376,"orthographic":false}