{"cameraMode":{"drawMode":0,"name":"Shaded","section":"Shading Mode"},"sceneLighting":false,"audioPlay":false,"sceneViewState":{"showFog":false,"showMaterialUpdate":false,"showSkybox":false,"showFlares":false,"showImageEffects":false,"showParticleSystems":false},"in2DMode":false,"pivot":{"x":-0.0000057220458984375,"y":0.2645135819911957,"z":0.00000286102294921875},"rotation":{"x":-0.399636447429657,"y":-0.28944045305252077,"z":0.13461396098136903,"w":-0.859298586845398},"size":58.75806427001953,"orthographic":false}