{"cameraMode":{"drawMode":0,"name":"Shaded","section":"Shading Mode"},"sceneLighting":false,"audioPlay":false,"sceneViewState":{"showFog":false,"showMaterialUpdate":false,"showSkybox":false,"showFlares":false,"showImageEffects":false,"showParticleSystems":false},"in2DMode":false,"pivot":{"x":-2.384185791015625e-7,"y":1.5972133874893189,"z":0.009589433670043946},"rotation":{"x":-0.09897448122501373,"y":0.06324617564678192,"z":-0.006302186753600836,"w":-0.9930580258369446},"size":7.666478157043457,"orthographic":false}