{"cameraMode":{"drawMode":0,"name":"Shaded","section":"Shading Mode"},"sceneLighting":false,"audioPlay":false,"sceneViewState":{"showFog":false,"showMaterialUpdate":false,"showSkybox":false,"showFlares":false,"showImageEffects":false,"showParticleSystems":false},"in2DMode":false,"pivot":{"x":0.0,"y":1.9006149768829346,"z":-0.0000016689300537109376},"rotation":{"x":-0.33993783593177798,"y":0.1464344561100006,"z":-0.05367240682244301,"w":-0.9274258017539978},"size":11.983198165893555,"orthographic":false}