{"cameraMode":{"drawMode":0,"name":"Shaded","section":"Shading Mode"},"sceneLighting":false,"audioPlay":false,"sceneViewState":{"showFog":false,"showMaterialUpdate":false,"showSkybox":false,"showFlares":false,"showImageEffects":false,"showParticleSystems":false},"in2DMode":false,"pivot":{"x":1.8500006198883057,"y":1.7205781936645508,"z":-0.3252093195915222},"rotation":{"x":-0.08113984763622284,"y":0.04991363734006882,"z":-0.004067178349941969,"w":-0.9954438805580139},"size":8.369787216186524,"orthographic":false}