{"cameraMode":{"drawMode":0,"name":"Shaded","section":"Shading Mode"},"sceneLighting":false,"audioPlay":false,"sceneViewState":{"showFog":false,"showMaterialUpdate":false,"showSkybox":false,"showFlares":false,"showImageEffects":false,"showParticleSystems":false},"in2DMode":false,"pivot":{"x":-2.384185791015625e-7,"y":2.0972132682800295,"z":0.0},"rotation":{"x":-0.04673520475625992,"y":0.06049879640340805,"z":-0.0028344097081571819,"w":-0.9970695376396179},"size":8.85319709777832,"orthographic":false}