{"cameraMode":{"drawMode":0,"name":"Shaded","section":"Shading Mode"},"sceneLighting":false,"audioPlay":false,"sceneViewState":{"showFog":false,"showMaterialUpdate":false,"showSkybox":false,"showFlares":false,"showImageEffects":false,"showParticleSystems":false},"in2DMode":false,"pivot":{"x":-11.287280082702637,"y":4.084225177764893,"z":16.914688110351564},"rotation":{"x":0.013213279657065869,"y":-0.8827351927757263,"z":-0.024865368381142618,"w":-0.46902626752853396},"size":13.001439094543457,"orthographic":false}