{"cameraMode":{"drawMode":0,"name":"Shaded","section":"Shading Mode"},"sceneLighting":false,"audioPlay":false,"sceneViewState":{"showFog":false,"showMaterialUpdate":false,"showSkybox":false,"showFlares":false,"showImageEffects":false,"showParticleSystems":false},"in2DMode":false,"pivot":{"x":0.919100284576416,"y":2.5555810928344728,"z":0.24674785137176515},"rotation":{"x":-0.02255157008767128,"y":0.15740130841732026,"z":-0.003594097215682268,"w":-0.9872706532478333},"size":9.156889915466309,"orthographic":false}