{"cameraMode":{"drawMode":0,"name":"Shaded","section":"Shading Mode"},"sceneLighting":false,"audioPlay":false,"sceneViewState":{"showFog":false,"showMaterialUpdate":false,"showSkybox":false,"showFlares":false,"showImageEffects":false,"showParticleSystems":false},"in2DMode":false,"pivot":{"x":0.00000762939453125,"y":0.26451727747917178,"z":0.00000286102294921875},"rotation":{"x":-0.399636447429657,"y":-0.28944045305252077,"z":0.13461396098136903,"w":-0.859298586845398},"size":69.59326171875,"orthographic":false}