{"cameraMode":{"drawMode":0,"name":"Shaded","section":"Shading Mode"},"sceneLighting":false,"audioPlay":false,"sceneViewState":{"showFog":false,"showMaterialUpdate":false,"showSkybox":false,"showFlares":false,"showImageEffects":false,"showParticleSystems":false},"in2DMode":false,"pivot":{"x":9.5367431640625e-7,"y":0.2645135819911957,"z":-9.5367431640625e-7},"rotation":{"x":-0.399636447429657,"y":-0.28944045305252077,"z":0.13461396098136903,"w":-0.859298586845398},"size":70.00874328613281,"orthographic":false}