{"cameraMode":{"drawMode":0,"name":"Shaded","section":"Shading Mode"},"sceneLighting":false,"audioPlay":false,"sceneViewState":{"showFog":false,"showMaterialUpdate":false,"showSkybox":false,"showFlares":false,"showImageEffects":false,"showParticleSystems":false},"in2DMode":false,"pivot":{"x":-1.597246527671814,"y":1.1367378234863282,"z":3.800490140914917},"rotation":{"x":-0.03923439234495163,"y":-0.06829482316970825,"z":0.002689219545572996,"w":-0.9968898296356201},"size":6.338831901550293,"orthographic":false}