{"cameraMode":{"drawMode":0,"name":"Shaded","section":"Shading Mode"},"sceneLighting":false,"audioPlay":false,"sceneViewState":{"showFog":false,"showMaterialUpdate":false,"showSkybox":false,"showFlares":false,"showImageEffects":false,"showParticleSystems":false},"in2DMode":false,"pivot":{"x":0.8037111759185791,"y":1.402723789215088,"z":2.039480209350586},"rotation":{"x":0.022219546139240266,"y":-0.9684432744979858,"z":0.0935811847448349,"w":0.22992734611034394},"size":3.469912528991699,"orthographic":false}