{"cameraMode":{"drawMode":0,"name":"Shaded","section":"Shading Mode"},"sceneLighting":false,"audioPlay":false,"sceneViewState":{"showFog":false,"showMaterialUpdate":false,"showSkybox":false,"showFlares":false,"showImageEffects":false,"showParticleSystems":false},"in2DMode":false,"pivot":{"x":-0.7279129028320313,"y":6.8573760986328129,"z":-9.5367431640625e-7},"rotation":{"x":-0.28434911370277407,"y":-0.005177102517336607,"z":0.0015368798049166799,"w":-0.9587056040763855},"size":43.831722259521487,"orthographic":false}