{"cameraMode":{"drawMode":0,"name":"Shaded","section":"Shading Mode"},"sceneLighting":false,"audioPlay":false,"sceneViewState":{"showFog":false,"showMaterialUpdate":false,"showSkybox":false,"showFlares":false,"showImageEffects":false,"showParticleSystems":false},"in2DMode":false,"pivot":{"x":1.1702202558517457,"y":1.4735181331634522,"z":0.47912144660949709},"rotation":{"x":-0.33993783593177798,"y":0.1464344561100006,"z":-0.05367240682244301,"w":-0.9274258017539978},"size":3.1556951999664308,"orthographic":false}