{"cameraMode":{"drawMode":0,"name":"Shaded","section":"Shading Mode"},"sceneLighting":false,"audioPlay":false,"sceneViewState":{"showFog":false,"showMaterialUpdate":false,"showSkybox":false,"showFlares":false,"showImageEffects":false,"showParticleSystems":false},"in2DMode":false,"pivot":{"x":-3.417048454284668,"y":1.5790185928344727,"z":-10.34263801574707},"rotation":{"x":-0.22905951738357545,"y":0.19183596968650819,"z":-0.0460975356400013,"w":-0.9532080888748169},"size":18.450353622436525,"orthographic":false}